-- users
INSERT INTO
    users (user_name, number)
VALUES
    ('John', "08012345678"),
    ('Tommy', "09012345670"),
    ('Cassy', "09012345671"),
    ('Mike', "09012345672"),
    ('Julia', "09012345673"),
    ('Anna', "09012345674");

-- coupons
INSERT INTO
    coupons (discount, validate_start_date, validate_end_date)
VALUES
    (100, '2022-1-1', '2022-12-31'),
    (300, '2022-10-1', '2022-12-31'),
    (500, '2022-12-1', '2022-12-31');

-- users_coupons
INSERT INTO
    users_coupons (user_id, coupon_id, is_used)
VALUES
    (1, 1, 1),
    (3, 3, 1),
    (2, 1, 1),
    (1, 3, 0),
    (1, 2, 1),
    (5, 2, 1);

-- item_categories
INSERT INTO
    item_category_types (category_type_id, category_type_name)
VALUES
    (1, 'セットメニュー'),
    (2, 'お好みすし');

-- item_category_types
INSERT INTO
    item_categories (category_type_id, category_name)
VALUES
    (1, '盛り込み'),
    (1, 'にぎり'),
    (1, '鮨やの丼&おすすめ'),
    (1, '地元に生まれた味'),
    (2, '一皿 100円(税別)'),
    (2, '一皿 150円(税別)'),
    (2, '一皿 180円(税別)'),
    (2, '一皿 220円(税別)'),
    (2, '一皿 260円(税別)'),
    (2, '一皿 360円(税別)'),
    (2, '一皿 400円(税別)'),
    (2, '一皿 460円(税別)'),
    (2, '一皿 520円(税別)'),
    (2, '一皿 600円(税別)');

-- rice_sizes
INSERT INTO
    rice_sizes (rice_size_id, size)
VALUES
    (1, '小'),
    (2, '大');

-- order_statuses
INSERT INTO
    order_statuses (order_status_id, order_status_name)
VALUES
    (1, '注文受付中'),
    (2, '支払い済み'),
    (3, 'キャンセル');

-- wasabi_options
INSERT INTO
    wasabi_options (wasabi_option_id, wasabi_option_name)
VALUES
    (1, "サビ入り"),
    (2, "サビ抜き");

-- items
INSERT INTO
    items (
        item_name,
        category_id,
        price
    )
VALUES
    ('はな', 1, 8650),
    ('わだつみ', 1, 5680),
    ('あさなぎ', 1, 4440),
    ('ゆうなぎ', 1, 3830),
    ('くろしお', 1, 2830),
    ('いさりび', 1, 2180),
    ('みさき', 2, 1940),
    ('みなと', 2, 1490),
    ('しおん', 2, 1060),
    ('なぎさ', 2, 800),
    ('海鮮ちらし', 3, 1280),
    ('鉄火丼', 3, 1000),
    ('鮨八宝巻', 4, 1280),
    ('化粧箱入り', 4, 1480),
    ('玉子', 5, 100),
    ('いなり', 5, 100),
    ('納豆軍艦', 5, 100),
    ('ツナサラダ', 5, 100),
    ('コーン', 5, 100),
    ('かにサラダ', 5, 100),
    ('オクラ軍艦', 5, 100),
    ('ゆでげそ', 6, 150),
    ('とびっこ', 6, 150),
    ('明太子サラダ', 6, 150),
    ('いかの塩辛', 6, 150),
    ('オクラ納豆', 6, 150),
    ('かんぴょう巻', 6, 150),
    ('なっとう巻', 6, 150),
    ('かっぱ巻', 6, 150),
    ('おしんこ巻', 6, 150),
    ('梅しそ巻', 6, 150),
    ('えび', 7, 180),
    ('赤いか', 7, 180),
    ('かにみそ軍艦', 7, 180),
    ('生サーモン', 8, 220),
    ('オニオンサーモン', 8, 220),
    ('まぐろ赤身', 8, 220),
    ('ゆでたこ', 8, 220),
    ('あじ', 9, 260),
    ('赤えび', 9, 260),
    ('生たこ', 9, 260),
    ('えんがわ', 9, 260),
    ('炙りえんがわ', 9, 260),
    ('まぐろ', 9, 260),
    ('あじ塩だれ焼', 9, 260),
    ('焼えび', 9, 260),
    ('ねぎとろ', 9, 260),
    ('炙りサーモン', 9, 260),
    ('鉄火巻', 9, 260),
    ('いくら', 10, 360),
    ('ホタテ貝', 10, 360),
    ('穴子', 10, 360),
    ('真鯛', 10, 360),
    ('活ヒラメ', 11, 400),
    ('数の子', 11, 400),
    ('ずわいがに', 11, 400),
    ('トロタク巻', 11, 400),
    ('すじこ巻', 11, 400),
    ('中トロ', 12, 460),
    ('特大海老', 12, 460),
    ('あなご一本すし', 13, 520),
    ('まぐろづくし', 13, 520),
    ('白身づくし', 13, 520),
    ('うに', 14, 600),
    ('インドまぐろ大トロ', 14, 600);

-- orders
INSERT INTO
    orders (
        user_id,
        order_status_id,
        total_quantity,
        ordered_at
    )
VALUES
    (5, 3, 3, '2022-12-1'),
    (4, 2, 6, '2022-12-1'),
    (3, 1, 9, '2022-12-1'),
    (4, 2, 7, '2022-12-1'),
    (3, 3, 1, '2022-12-1'),
    (4, 2, 8, '2022-12-1'),
    (2, 2, 1, '2022-12-1'),
    (1, 3, 4, '2022-12-1'),
    (2, 1, 2, '2022-12-1'),
    (6, 1, 3, '2022-12-1'),
    (3, 2, 3, '2022-12-1'),
    (1, 2, 5, '2022-12-1'),
    (6, 3, 10, '2022-12-1'),
    (2, 3, 1, '2022-12-1'),
    (4, 2, 10, '2022-12-1'),
    (5, 3, 5, '2022-12-1'),
    (3, 1, 6, '2022-12-1'),
    (1, 1, 3, '2022-12-1'),
    (3, 3, 6, '2022-12-1'),
    (5, 2, 5, '2022-12-1'),
    (4, 2, 10, '2022-12-1'),
    (1, 2, 5, '2022-12-1'),
    (3, 3, 1, '2022-12-1'),
    (3, 2, 7, '2022-12-1'),
    (1, 1, 3, '2022-12-1'),
    (5, 2, 3, '2022-12-1'),
    (1, 1, 3, '2022-12-1'),
    (2, 3, 3, '2022-12-1'),
    (1, 1, 7, '2022-12-1'),
    (6, 2, 8, '2022-12-1'),
    (2, 1, 8, '2022-12-1'),
    (4, 1, 5, '2022-12-1'),
    (3, 2, 1, '2022-12-1'),
    (6, 1, 3, '2022-12-1'),
    (4, 2, 3, '2022-12-1'),
    (4, 3, 10, '2022-12-1'),
    (6, 1, 6, '2022-12-1'),
    (5, 1, 7, '2022-12-1'),
    (2, 1, 2, '2022-12-1'),
    (1, 1, 5, '2022-12-1'),
    (6, 3, 6, '2022-12-1'),
    (5, 2, 3, '2022-12-1'),
    (2, 2, 1, '2022-12-1'),
    (6, 1, 4, '2022-12-1'),
    (1, 3, 5, '2022-12-1'),
    (3, 1, 10, '2022-12-1'),
    (6, 1, 2, '2022-12-1'),
    (4, 1, 3, '2022-12-1'),
    (5, 1, 4, '2022-12-1'),
    (6, 3, 4, '2022-12-1');

INSERT INTO
    order_details (
        order_id,
        item_id,
        quantity,
        subtotal,
        wasabi_option_id,
        rice_size_id
    )
VALUES
    (1, 56, 1, 400, 2, 2),
    (1, 4, 2, 7660, 2, 2),
    (2, 23, 2, 300, 2, 1),
    (2, 23, 1, 150, 2, 2),
    (2, 60, 1, 460, 1, 2),
    (2, 14, 2, 2960, 2, 2),
    (3, 59, 1, 460, 2, 1),
    (3, 6, 3, 6540, 2, 1),
    (3, 8, 3, 4470, 1, 1),
    (3, 57, 2, 800, 2, 2),
    (4, 26, 1, 150, 2, 1),
    (4, 55, 3, 1200, 1, 2),
    (4, 55, 2, 800, 2, 1),
    (4, 39, 1, 260, 2, 2),
    (5, 59, 1, 460, 1, 1),
    (6, 17, 2, 200, 2, 2),
    (6, 58, 3, 1200, 1, 1),
    (6, 37, 3, 660, 2, 2),
    (7, 4, 1, 3830, 1, 2),
    (8, 14, 2, 2960, 2, 1),
    (8, 20, 2, 200, 1, 2),
    (9, 43, 2, 520, 1, 2),
    (10, 31, 3, 450, 1, 2),
    (11, 17, 3, 300, 2, 1),
    (12, 57, 3, 1200, 1, 1),
    (12, 28, 2, 300, 1, 2),
    (13, 18, 3, 300, 1, 2),
    (13, 39, 2, 520, 1, 1),
    (13, 53, 2, 720, 2, 2),
    (13, 36, 3, 660, 2, 2),
    (14, 26, 1, 150, 2, 1),
    (15, 20, 3, 300, 1, 2),
    (15, 60, 3, 1380, 1, 1),
    (15, 12, 1, 1000, 1, 2),
    (15, 55, 3, 1200, 2, 2),
    (16, 17, 2, 200, 2, 2),
    (16, 34, 3, 540, 1, 2),
    (17, 40, 1, 260, 2, 2),
    (17, 48, 2, 520, 1, 1),
    (17, 59, 3, 1380, 1, 2),
    (18, 36, 3, 660, 2, 1),
    (19, 61, 2, 1040, 1, 2),
    (19, 51, 2, 720, 2, 2),
    (19, 40, 2, 520, 1, 2),
    (20, 18, 2, 200, 2, 2),
    (20, 18, 2, 200, 1, 2),
    (20, 31, 1, 150, 2, 1),
    (21, 7, 2, 3880, 1, 2),
    (21, 32, 2, 360, 1, 1),
    (21, 48, 3, 780, 2, 1),
    (21, 10, 3, 2400, 1, 1),
    (22, 52, 1, 360, 2, 1),
    (22, 57, 2, 800, 2, 1),
    (22, 50, 1, 360, 1, 1),
    (22, 45, 1, 260, 2, 2),
    (23, 24, 1, 150, 2, 2),
    (24, 41, 1, 260, 1, 2),
    (24, 48, 3, 780, 2, 2),
    (24, 45, 2, 520, 2, 1),
    (24, 20, 1, 100, 2, 1),
    (25, 47, 1, 260, 2, 2),
    (25, 47, 2, 520, 2, 1),
    (26, 32, 1, 180, 2, 1),
    (26, 36, 1, 220, 1, 1),
    (26, 11, 1, 1280, 1, 2),
    (27, 19, 3, 300, 1, 2),
    (28, 8, 2, 2980, 1, 1),
    (28, 62, 1, 520, 2, 2),
    (29, 15, 3, 300, 2, 1),
    (29, 42, 3, 780, 2, 1),
    (29, 50, 1, 360, 2, 1),
    (30, 62, 3, 1560, 2, 1),
    (30, 11, 2, 2560, 1, 2),
    (30, 56, 3, 1200, 2, 1),
    (31, 30, 1, 150, 2, 1),
    (31, 32, 3, 540, 2, 2),
    (31, 33, 2, 360, 1, 1),
    (31, 27, 2, 300, 1, 2),
    (32, 31, 2, 300, 1, 2),
    (32, 42, 3, 780, 2, 1),
    (33, 65, 1, 600, 1, 2),
    (34, 38, 1, 220, 2, 1),
    (34, 27, 1, 150, 1, 1),
    (34, 33, 1, 180, 2, 1),
    (35, 53, 2, 720, 1, 1),
    (35, 52, 1, 360, 2, 2),
    (36, 36, 2, 440, 2, 1),
    (36, 5, 3, 8490, 1, 2),
    (36, 47, 3, 780, 2, 2),
    (36, 32, 2, 360, 1, 1),
    (37, 38, 3, 660, 2, 2),
    (37, 2, 3, 17040, 1, 2),
    (38, 44, 3, 780, 1, 2),
    (38, 28, 1, 150, 2, 1),
    (38, 12, 2, 2000, 2, 1),
    (38, 26, 1, 150, 2, 1),
    (39, 21, 1, 100, 2, 2),
    (39, 54, 1, 400, 1, 2),
    (40, 32, 3, 540, 2, 1),
    (40, 65, 1, 600, 1, 1),
    (40, 58, 1, 400, 1, 1),
    (41, 64, 1, 600, 2, 2),
    (41, 57, 3, 1200, 2, 1),
    (41, 42, 1, 260, 2, 1),
    (41, 38, 1, 220, 2, 1),
    (42, 28, 3, 450, 1, 1),
    (43, 26, 1, 150, 2, 2),
    (44, 57, 2, 800, 1, 1),
    (44, 57, 2, 800, 1, 2),
    (45, 8, 3, 4470, 2, 1),
    (45, 4, 2, 7660, 1, 1),
    (46, 22, 3, 450, 1, 2),
    (46, 24, 3, 450, 1, 1),
    (46, 36, 2, 440, 2, 2),
    (46, 62, 2, 1040, 2, 2),
    (47, 37, 1, 220, 2, 2),
    (47, 16, 1, 100, 1, 2),
    (48, 13, 3, 3840, 1, 2),
    (49, 7, 2, 3880, 2, 1),
    (49, 21, 2, 200, 1, 1),
    (50, 51, 2, 720, 1, 2),
    (50, 60, 1, 460, 1, 2),
    (50, 19, 1, 100, 2, 2);

-- purchase_reservations
INSERT INTO
    purchase_reservations (order_id, purchase_reservation_at)
VALUES
    (3, '2022-12-15'),
    (9, '2022-12-15'),
    (10, '2022-12-15'),
    (17, '2022-12-15'),
    (18, '2022-12-15'),
    (25, '2022-12-15'),
    (27, '2022-12-15'),
    (29, '2022-12-15'),
    (31, '2022-12-15'),
    (32, '2022-12-15'),
    (34, '2022-12-15'),
    (37, '2022-12-15'),
    (38, '2022-12-15'),
    (39, '2022-12-15'),
    (40, '2022-12-15'),
    (44, '2022-12-15'),
    (46, '2022-12-15'),
    (47, '2022-12-15'),
    (48, '2022-12-15'),
    (49, '2022-12-15');

-- purchases
INSERT INTO
    purchases (user_id, user_coupon_id, total, purchased_at)
VALUES
    (4, NULL, 3870, '2022-12-1'),
    (4, NULL, 2410, '2022-12-1'),
    (4, NULL, 2060, '2022-12-1'),
    (2, 3, 3830, '2022-12-1'),
    (3, NULL, 300, '2022-12-1'),
    (1, 5, 1500, '2022-12-1'),
    (4, NULL, 3880, '2022-12-1'),
    (5, NULL, 550, '2022-12-1'),
    (4, NULL, 7420, '2022-12-1'),
    (1, 1, 1780, '2022-12-1'),
    (3, 2, 1660, '2022-12-1'),
    (5, 6, 1680, '2022-12-1'),
    (6, NULL, 5320, '2022-12-1'),
    (3, NULL, 600, '2022-12-1'),
    (4, NULL, 1080, '2022-12-1'),
    (5, NULL, 450, '2022-12-1'),
    (2, NULL, 150, '2022-12-1');