-- users
INSERT INTO users (id, name) VALUES 
('bf948a6f-a8f0-fc9d-cc5a-975950359661', 'User 1'), 
('fa5c7639-ce06-6dc2-a662-072b87181e45', 'User 2'), 
('015b1aae-1ad6-54f4-5a88-7f7d85bc298f', 'User 3'), 
('31b5d740-5fb0-f072-2cd8-a3edcd1301a7', 'User 4'), 
('5672016b-d8b1-1dc1-35c6-a7fa53e8da40', 'User 5');

INSERT INTO articles (id, created_at, created_by) VALUES 
('72d4b0c0-f904-4e03-a8b1-0598cb833488', '2023-02-01 12:00:00', 'bf948a6f-a8f0-fc9d-cc5a-975950359661'), 
('076e76ad-a467-41c3-9214-c9aa41d4866a', '2023-02-02 14:30:00', '015b1aae-1ad6-54f4-5a88-7f7d85bc298f'), 
('b9d3e800-0006-4451-81ea-287439ba4a3e', '2023-02-03 18:00:00', '5672016b-d8b1-1dc1-35c6-a7fa53e8da40');

INSERT INTO article_revisions (article_id, title, content, edited_at, edited_by) VALUES 
('72d4b0c0-f904-4e03-a8b1-0598cb833488', '記事1のタイトル', '記事1の内容', '2023-02-01 12:00:00', 'bf948a6f-a8f0-fc9d-cc5a-975950359661'), 
('72d4b0c0-f904-4e03-a8b1-0598cb833488', '記事1のタイトル（編集済み）', '記事1の内容（編集済み）', '2023-02-02 14:00:00', '015b1aae-1ad6-54f4-5a88-7f7d85bc298f'), 
('076e76ad-a467-41c3-9214-c9aa41d4866a', '記事2のタイトル', '記事2の内容', '2023-02-03 18:00:00', '5672016b-d8b1-1dc1-35c6-a7fa53e8da40'),
('b9d3e800-0006-4451-81ea-287439ba4a3e', '記事3のタイトル', '記事3の内容', '2023-02-04 12:00:00', '015b1aae-1ad6-54f4-5a88-7f7d85bc298f'),
('b9d3e800-0006-4451-81ea-287439ba4a3e', '記事3のタイトル（編集済み）', '記事3の内容（編集済み）', '2023-02-04 15:00:00', '5672016b-d8b1-1dc1-35c6-a7fa53e8da40'),
('b9d3e800-0006-4451-81ea-287439ba4a3e', '記事3のタイトル', '記事3の内容', '2023-02-05 16:00:00', '5672016b-d8b1-1dc1-35c6-a7fa53e8da40');
